"species","X","Y","state","region","sex","weight","size","fur","tail","age","color","joey","behav","obs"
"Phascolarctos cinereus",153.2154751,-27.49284192,"Queensland","northern","male",7.11975366203114,70.801590147987,1.85869579948485,1.16824080049992,8,"grey","No","Sleeping","Spotlighting"
"Phascolarctos cinereus",148.1443172,-22.47617089,"Queensland","northern","female",5.45134462439455,70.3853701592423,1.85280147148296,1.5624557598494,10,"grey-brown","Yes","Sleeping","Opportunistic"
"Phascolarctos cinereus",153.228487,-27.502979,"Queensland","northern","male",6.63057695887983,68.6586671321653,2.4792802373413,1.05664045060985,1,"light grey","No","Just Chillin","Spotlighting"
"Phascolarctos cinereus",152.6,-27.5,"Queensland","northern","male",6.4700189656578,72.9891910100356,1.92397443996742,1.80124409031123,1,"grey","No","Sleeping","Stagwatching"
"Phascolarctos cinereus",153.28171,-27.525893,"Queensland","northern","female",5.62044690153562,65.195293586771,1.94534080452286,1.62560022459365,10,"grey-brown","No","Sleeping","Stagwatching"
"Phascolarctos cinereus",152.833,-27.2,"Queensland","northern","male",7.28767367172986,70.5651412788779,1.68889697641134,1.08667498477735,12,"grey-brown","No","Feeding","Opportunistic"
"Phascolarctos cinereus",153.18742,-27.48146,"Queensland","northern","male",6.4709115321748,73.5206606101245,2.00089916517027,1.74095789575949,9,"light grey","No","Just Chillin","Stagwatching"
"Phascolarctos cinereus",153.282054,-27.526896,"Queensland","northern","male",7.11535628000274,68.6143552532885,1.56359792384319,1.24004307272844,1,"grey-brown","No","Sleeping","Spotlighting"
"Phascolarctos cinereus",150.0011029,-25.74841914,"Queensland","northern","female",5.54551262664609,69.3055376709206,1.44769940548576,1.26011629216373,1,"grey","No","Feeding","Spotlighting"
"Phascolarctos cinereus",149.8178118,-26.83172616,"Queensland","northern","female",5.82192206103355,71.7391874433495,1.50278158276342,1.92216627998278,1,"grey","No","Sleeping","Spotlighting"
"Phascolarctos cinereus",152.548142,-27.932522,"Queensland","northern","male",6.04429378826171,71.8821753725409,2.20724594080821,1.84283185144886,11,"light grey","No","Just Chillin","Stagwatching"
"Phascolarctos cinereus",153.231397,-27.977381,"Queensland","northern","female",5.91487375902943,68.2553728293395,1.46528736548498,1.3069921976421,9,"light grey","No","Feeding","Spotlighting"
"Phascolarctos cinereus",153.252911,-27.493981,"Queensland","northern","female",5.9806497329846,68.4877407756401,1.52230946952477,1.80833047395572,7,"grey","No","Just Chillin","Spotlighting"
"Phascolarctos cinereus",153.2211,-27.96222,"Queensland","northern","male",7.47037579165772,70.3193690761458,2.35335226170719,1.85662050591782,5,"grey","No","Just Chillin","Stagwatching"
"Phascolarctos cinereus",151.4010917,-27.33174944,"Queensland","northern","female",5.40601511881687,69.9873195986263,1.11041362886317,1.96984210098162,3,"grey","Yes","Just Chillin","Spotlighting"
"Phascolarctos cinereus",148.5705014,-21.39059677,"Queensland","northern","male",6.80774439452216,67.5846328096464,1.59192002611235,1.28502512793057,1,"grey","No","Sleeping","Opportunistic"
"Phascolarctos cinereus",138.7289572,-34.94308093,"South Australia","southern","female",7.546668341849,71.7173010641709,4.65583177702501,1.37441373220645,3,"dark grey","No","Sleeping","Stagwatching"
"Phascolarctos cinereus",138.75884,-34.797069,"South Australia","southern","male",16.5550676265266,76.5531245016027,4.53754597424995,1.81038414011709,1,"dark grey","No","Feeding","Opportunistic"
"Phascolarctos cinereus",138.751442,-35.001487,"South Australia","southern","male",15.2246808365453,80.6277420492843,5.87523573392536,1.87638200330548,4,"chocolate brown","No","Sleeping","Opportunistic"
"Phascolarctos cinereus",138.70354,-34.874314,"South Australia","southern","female",7.8447416741401,69.5102813474368,4.43201117217541,1.03992660529912,12,"chocolate brown","Yes","Sleeping","Opportunistic"
"Phascolarctos cinereus",138.6968,-34.9667,"South Australia","southern","male",16.8879174641334,78.6403224654496,5.18326695566066,1.62885944754817,8,"dark grey","No","Just Chillin","Stagwatching"
"Phascolarctos cinereus",138.707826,-34.914913,"South Australia","southern","female",7.3418875632342,69.8958529178053,3.22798392083496,1.56342261633836,4,"dark grey","No","Just Chillin","Spotlighting"
"Phascolarctos cinereus",138.680656,-34.97572,"South Australia","southern","male",17.6887660289649,78.4166386632714,3.71411700814497,1.33803662471473,8,"dark grey","No","Sleeping","Opportunistic"
"Phascolarctos cinereus",138.57947,-34.912745,"South Australia","southern","male",16.4297224029433,81.9059988511726,4.28117951168679,1.9216798839625,2,"dark grey","No","Feeding","Opportunistic"
"Phascolarctos cinereus",138.583219,-35.081371,"South Australia","southern","female",7.98015385540202,68.9822558565065,4.10722288442776,1.59319571126252,2,"dark grey","No","Sleeping","Opportunistic"
"Phascolarctos cinereus",138.6,-34.9,"South Australia","southern","male",16.5562376654707,76.6284530612174,3.87225921056233,1.78751726192422,12,"dark grey","No","Sleeping","Spotlighting"
"Phascolarctos cinereus",138.69594,-34.96617,"South Australia","southern","male",17.8889215223026,78.5577814974822,4.11378175334539,1.05714194127358,10,"chocolate brown","No","Just Chillin","Opportunistic"
"Phascolarctos cinereus",138.640333,-34.978182,"South Australia","southern","female",7.21512814844027,70.9947584553156,3.32286779442802,1.21056429599412,10,"chocolate brown","Yes","Sleeping","Opportunistic"
"Phascolarctos cinereus",138.674448,-34.932346,"South Australia","southern","male",15.9830127402674,79.8774147033691,4.16138871246949,1.13489668932743,7,"chocolate brown","No","Feeding","Spotlighting"
"Phascolarctos cinereus",138.66667,-35.01972,"South Australia","southern","male",17.6294680468272,75.4166135604028,5.87638507212978,1.52537554968148,5,"chocolate brown","No","Feeding","Stagwatching"
"Phascolarctos cinereus",145.173,-37.057,"Victoria","southern","female",7.56585557758808,69.0927003296092,4.82942084548995,1.49615332437679,2,"light brown","Yes","Sleeping","Spotlighting"
"Phascolarctos cinereus",144.903,-37.468,"Victoria","southern","female",7.75664902944118,69.9324754900299,3.63063834561035,1.88402439607307,2,"dark grey","Yes","Sleeping","Spotlighting"
"Phascolarctos cinereus",141.5083,-37.9309,"Victoria","southern","female",7.51365695381537,69.1911279114429,4.49608446052298,1.6498152075801,7,"dark grey","Yes","Feeding","Spotlighting"
"Phascolarctos cinereus",145.1779,-38.3864,"Victoria","southern","male",7.03410710627213,77.07665197202,4.58982596732676,1.22353190206923,2,"dark grey","No","Just Chillin","Spotlighting"
"Phascolarctos cinereus",146.7261887,-38.47556468,"Victoria","southern","male",7.06625808961689,81.4950713941362,4.03211169177666,1.20226160995662,9,"light brown","No","Feeding","Spotlighting"
"Phascolarctos cinereus",145.0092558,-38.37381556,"Victoria","southern","male",7.85733871744014,80.2538386206143,3.32942862343043,1.29555127001368,10,"light brown","No","Sleeping","Spotlighting"
"Phascolarctos cinereus",149.757866,-37.559667,"Victoria","southern","female",7.89820703445002,72.9751054681838,4.32186402427033,1.82497872761451,3,"light brown","Yes","Sleeping","Stagwatching"
"Phascolarctos cinereus",145.8109,-36.7569,"Victoria","southern","male",7.50447033508681,80.5262216306292,3.68899423629045,1.10581825091504,10,"dark grey","No","Just Chillin","Opportunistic"
"Phascolarctos cinereus",144.5950341,-37.33193151,"Victoria","southern","male",7.9824689347297,76.0441670513246,3.37897505424917,1.0529441004619,5,"dark grey","No","Feeding","Spotlighting"
"Phascolarctos cinereus",145,-38.37,"Victoria","southern","male",7.00554158142768,77.2073844703846,3.17302684485912,1.66227233153768,5,"light brown","No","Just Chillin","Stagwatching"
"Phascolarctos cinereus",141.7253,-36.8409,"Victoria","southern","male",7.61830061697401,78.6504543279298,4.72101716278121,1.28203477407806,9,"dark grey","No","Sleeping","Spotlighting"
"Phascolarctos cinereus",144.4488572,-37.80179022,"Victoria","southern","female",7.69490392692387,70.8822172502987,3.30075403954834,1.25407169270329,9,"chocolate brown","Yes","Just Chillin","Stagwatching"
"Phascolarctos cinereus",141.5043,-38.1806,"Victoria","southern","female",7.97403726680204,71.495607211953,3.34979571728036,1.58818176318891,12,"dark grey","Yes","Sleeping","Stagwatching"
"Phascolarctos cinereus",146.5429,-38.4568,"Victoria","southern","male",7.26540043437853,77.7071642444935,4.54943605558947,1.87607736908831,8,"light brown","No","Feeding","Spotlighting"
"Phascolarctos cinereus",147.7128,-37.6756,"Victoria","southern","female",7.85009414004162,70.0869746478274,3.30099425883964,1.14175166166387,11,"dark grey","No","Sleeping","Spotlighting"
"Phascolarctos cinereus",144.25,-37.83,"Victoria","southern","female",7.12969427532516,70.3559639847372,3.5431340043433,1.19188492349349,4,"dark grey","No","Sleeping","Stagwatching"
"Phascolarctos cinereus",143.8391,-37.7094,"Victoria","southern","male",7.11970976740122,81.0386633342132,4.88736497890204,1.13031888217665,7,"light brown","No","Sleeping","Stagwatching"
"Phascolarctos cinereus",141.2566,-37.5496,"Victoria","southern","female",7.41678225528449,70.4018640595023,4.61664723791182,1.21460225386545,3,"dark grey","Yes","Sleeping","Opportunistic"
"Phascolarctos cinereus",145.1779,-38.3864,"Victoria","southern","female",7.87624013819732,70.4224757181946,4.18511873017997,1.39263872150332,12,"dark grey","Yes","Sleeping","Opportunistic"
"Phascolarctos cinereus",145.1779,-38.3864,"Victoria","southern","female",7.50615961290896,68.4093355149962,4.65441510314122,1.27392615936697,11,"dark grey","Yes","Sleeping","Stagwatching"
"Phascolarctos cinereus",144.3483,-37.4884,"Victoria","southern","female",7.56045814766549,70.8112100530416,3.33459171839058,1.89721420360729,11,"chocolate brown","No","Sleeping","Stagwatching"
"Phascolarctos cinereus",141.7194,-38.2369,"Victoria","southern","female",7.56673532235436,68.8453952113632,3.55219789082184,1.7457589188125,1,"light brown","No","Just Chillin","Opportunistic"
"Phascolarctos cinereus",145.2544,-37.5287,"Victoria","southern","male",7.62226098030806,80.9620603916701,4.2364021060057,1.897550762631,2,"chocolate brown","No","Sleeping","Opportunistic"
"Phascolarctos cinereus",145.513,-36.758,"Victoria","southern","female",7.50645974394865,72.7440398612525,3.22946547856554,1.81255335104652,3,"dark grey","No","Sleeping","Stagwatching"
"Phascolarctos cinereus",146.37,-39,"Victoria","southern","female",7.16829021950252,72.3515705841128,4.03424145188183,1.84696233295836,7,"light brown","No","Sleeping","Spotlighting"
"Phascolarctos cinereus",141.438,-37.98,"Victoria","southern","male",7.75305197411217,77.638484084513,3.64182821195573,1.27174298511818,4,"dark grey","No","Sleeping","Opportunistic"
"Phascolarctos cinereus",145.1779,-38.3864,"Victoria","southern","female",7.05387471104041,69.531754177995,3.14743582159281,1.47801383910701,10,"light brown","Yes","Sleeping","Stagwatching"
"Phascolarctos cinereus",142.3596,-37.1401,"Victoria","southern","male",7.59613958396949,80.3125218357891,4.4760753964074,1.26403685007244,8,"light brown","No","Sleeping","Stagwatching"
"Phascolarctos cinereus",142.543,-36.957,"Victoria","southern","female",7.75728373695165,71.7728507886641,4.26617295993492,1.61750940047204,8,"dark grey","Yes","Sleeping","Stagwatching"
"Phascolarctos cinereus",145.9959,-37.8456,"Victoria","southern","male",7.58929550787434,79.5350067066029,4.18622107477859,1.48253947589546,2,"dark grey","No","Just Chillin","Opportunistic"
"Phascolarctos cinereus",145.1771,-36.9354,"Victoria","southern","male",7.67856715153903,79.0448997055646,4.08262729924172,1.56637848587707,12,"light brown","No","Sleeping","Stagwatching"
"Phascolarctos cinereus",152.7297106,-30.18316116,"New South Wales","northern","female",6.73625504574738,71.557982672425,2.24038260546513,1.15887246350758,6,"grey-brown","No","Just Chillin","Stagwatching"
"Phascolarctos cinereus",151.8413106,-32.79279499,"New South Wales","northern","female",6.07714696833864,67.9526155967731,2.37173109175637,1.36596363503486,2,"light grey","Yes","Just Chillin","Opportunistic"
"Phascolarctos cinereus",152.7620535,-30.23195492,"New South Wales","northern","female",6.63718812493607,67.8685621354496,2.99851094908081,1.95425561838783,6,"grey","No","Sleeping","Spotlighting"
"Phascolarctos cinereus",153.5164913,-28.58857304,"New South Wales","northern","female",6.76613799412735,67.786548183253,2.19439008506015,1.97125103883445,7,"grey","No","Sleeping","Spotlighting"
"Phascolarctos cinereus",150.1523305,-34.50294486,"New South Wales","southern","female",6.65828763134778,69.1570895602927,2.73907978623174,1.1671856129542,9,"dark grey","No","Sleeping","Stagwatching"
"Phascolarctos cinereus",152.5518183,-31.3135297,"New South Wales","northern","male",8.34462706232443,69.9150847558398,2.81387450965121,1.31956239207648,9,"grey-brown","No","Just Chillin","Stagwatching"
"Phascolarctos cinereus",153.297456,-29.004034,"New South Wales","northern","male",9.15522245084867,71.4204044627957,2.59674948453903,1.49849814944901,4,"grey-brown","No","Just Chillin","Spotlighting"
"Phascolarctos cinereus",152.0341792,-32.73309447,"New South Wales","northern","female",6.77813106961548,66.1656422146596,2.23450856376439,1.08725530956872,1,"light grey","No","Sleeping","Spotlighting"
"Phascolarctos cinereus",150.127725,-34.49054,"New South Wales","southern","female",6.759758007247,68.6092116399668,2.24012336833403,1.56675902381539,4,"chocolate brown","Yes","Sleeping","Opportunistic"
"Phascolarctos cinereus",152.8145691,-31.57199772,"New South Wales","northern","male",9.8750040596351,70.8500647501089,2.55355740129016,1.34128499217331,7,"grey-brown","No","Just Chillin","Spotlighting"
"Phascolarctos cinereus",152.884141,-31.43567399,"New South Wales","northern","male",8.83413230860606,71.6906150300056,2.55420807260089,1.88499946659431,1,"light grey","No","Sleeping","Spotlighting"
"Phascolarctos cinereus",150.153553,-34.50093617,"New South Wales","southern","male",8.1628789016977,79.1562468023039,2.99704692210071,1.87282723071985,12,"chocolate brown","No","Feeding","Spotlighting"
"Phascolarctos cinereus",152.1791835,-32.6765904,"New South Wales","northern","female",6.14760462846607,68.2625840233639,2.2087426809594,1.61639024666511,7,"grey","Yes","Just Chillin","Opportunistic"
"Phascolarctos cinereus",152.9093041,-31.44407627,"New South Wales","northern","female",6.5138917863369,69.7851354479324,2.08816452673636,1.51134434784763,3,"grey-brown","Yes","Just Chillin","Spotlighting"
"Phascolarctos cinereus",150.798339,-34.111022,"New South Wales","southern","female",6.12979202321731,68.1808908244129,2.46467074309476,1.39750836067833,8,"light brown","No","Sleeping","Stagwatching"
"Phascolarctos cinereus",152.8961176,-31.43443012,"New South Wales","northern","female",6.62309131328948,71.6594129907433,2.09011878352612,1.35705391666852,2,"grey","Yes","Just Chillin","Stagwatching"
"Phascolarctos cinereus",152.9172784,-31.45933886,"New South Wales","northern","male",9.22585279960185,70.1226981826592,2.86896862881258,1.65812882524915,3,"grey-brown","No","Sleeping","Opportunistic"
"Phascolarctos cinereus",152.7237236,-30.17714752,"New South Wales","northern","female",6.83691142615862,65.9543267942034,2.08839268074371,1.67490353435278,10,"grey-brown","No","Sleeping","Spotlighting"
"Phascolarctos cinereus",151.8030982,-29.6067757,"New South Wales","northern","female",6.24302404653281,66.4465735877864,2.64023867901415,1.43832580838352,5,"grey-brown","Yes","Sleeping","Opportunistic"
"Phascolarctos cinereus",153.280052,-28.874002,"New South Wales","northern","female",6.87917967978865,64.8081708922517,2.23880898929201,1.7558629042469,8,"light grey","No","Just Chillin","Stagwatching"
"Phascolarctos cinereus",152.8909961,-31.45901242,"New South Wales","northern","male",9.60871770372614,72.3409412226174,3.14101900113747,1.03570526186377,8,"grey","No","Just Chillin","Stagwatching"
"Phascolarctos cinereus",153.0786667,-30.39982205,"New South Wales","northern","female",6.93504240666516,67.2897617439274,2.83889676001854,1.76824825559743,2,"light grey","No","Sleeping","Spotlighting"
"Phascolarctos cinereus",152.7955211,-30.07959063,"New South Wales","northern","female",6.90356143633835,67.4881746004801,2.19389604777098,1.18703203159384,8,"light grey","No","Sleeping","Opportunistic"
"Phascolarctos cinereus",152.0394761,-32.7367433,"New South Wales","northern","male",9.2792663522996,67.6231867616996,2.74630531505682,1.80467783845961,1,"grey","No","Sleeping","Stagwatching"
"Phascolarctos cinereus",152.346424,-31.966332,"New South Wales","northern","female",6.93641564669088,68.8992855280638,2.58409441635013,1.37459234776907,5,"grey-brown","Yes","Sleeping","Opportunistic"
"Phascolarctos cinereus",152.852053,-30.50822224,"New South Wales","northern","male",9.55791420536116,67.6068958294578,3.08866876666434,1.15136368013918,1,"grey","No","Sleeping","Stagwatching"
"Phascolarctos cinereus",153.5555494,-28.59976364,"New South Wales","northern","male",8.17141776252538,70.7731852921192,3.01099347090349,1.79703560704365,6,"grey","No","Just Chillin","Opportunistic"
"Phascolarctos cinereus",152.908188,-28.999985,"New South Wales","northern","male",8.65235054912046,70.0133225767408,2.76701024430804,1.24476387002505,12,"light grey","No","Just Chillin","Spotlighting"
"Phascolarctos cinereus",153.483264,-28.808542,"New South Wales","northern","male",8.09591587120667,73.5776194867678,2.91442648344673,1.7499222762417,5,"grey","No","Sleeping","Stagwatching"
"Phascolarctos cinereus",150.7948629,-34.16259915,"New South Wales","southern","female",6.32284510228783,68.2903037716169,2.04213422816247,1.7594630275853,8,"dark grey","Yes","Feeding","Stagwatching"
"Phascolarctos cinereus",152.1811243,-32.6758717,"New South Wales","northern","male",9.86797121493146,71.1168987947051,3.21864734240808,1.41388604743406,1,"light grey","No","Just Chillin","Opportunistic"
"Phascolarctos cinereus",153.3587512,-29.40772456,"New South Wales","northern","male",9.14369116304442,71.8428556937259,2.7447816177737,1.69278968335129,12,"grey-brown","No","Feeding","Opportunistic"
"Phascolarctos cinereus",150.254037,-30.995041,"New South Wales","northern","male",9.57627381477505,67.4114405725151,2.56891538831405,1.96426353277639,6,"light grey","No","Sleeping","Stagwatching"
"Phascolarctos cinereus",152.7929164,-30.08464022,"New South Wales","northern","female",6.15686716581695,66.352978833206,2.13371553272009,1.65653175394982,7,"grey-brown","No","Sleeping","Opportunistic"
"Phascolarctos cinereus",150.5149692,-34.47018871,"New South Wales","southern","male",8.41072641033679,75.6945700356737,3.48601812403649,1.65065927640535,11,"chocolate brown","No","Just Chillin","Spotlighting"
"Phascolarctos cinereus",153.4550781,-28.30590138,"New South Wales","northern","male",8.28769171237946,71.6295147195924,3.35204443125986,1.35911987465806,7,"grey","No","Sleeping","Spotlighting"
"Phascolarctos cinereus",151.313311,-33.65617354,"New South Wales","northern","male",8.09769520675763,69.2656987819821,2.81032482511364,1.70888197352178,8,"grey","No","Feeding","Spotlighting"
"Phascolarctos cinereus",152.0400672,-32.67275037,"New South Wales","northern","female",6.55279945652001,70.9039975646418,2.74998737359419,1.31252232776023,1,"grey","No","Feeding","Opportunistic"
"Phascolarctos cinereus",152.0266407,-32.73935029,"New South Wales","northern","male",9.99542064918205,68.7774172397796,2.83090942562558,1.34337898343801,8,"light grey","No","Sleeping","Stagwatching"
"Phascolarctos cinereus",150.1255139,-34.53300026,"New South Wales","southern","female",6.90577289811336,69.3703881227411,2.69602455664426,1.40341621614061,7,"dark grey","Yes","Sleeping","Spotlighting"
"Phascolarctos cinereus",152.8698207,-29.67699206,"New South Wales","northern","female",6.37515787966549,69.0656175774755,2.31189787108451,1.62048941082321,12,"light grey","Yes","Sleeping","Stagwatching"
"Phascolarctos cinereus",152.1966233,-32.23596366,"New South Wales","northern","female",6.64612412732095,67.1256579588633,2.81802678573877,1.76024829177186,4,"grey-brown","Yes","Feeding","Opportunistic"
"Phascolarctos cinereus",152.6713511,-31.43544949,"New South Wales","northern","female",6.45740322000347,65.2984933842206,2.44551956723444,1.7502657417208,4,"light grey","Yes","Just Chillin","Spotlighting"
"Phascolarctos cinereus",151.86198,-32.77225,"New South Wales","northern","female",6.28111829003319,65.602818647353,2.82680279994383,1.70285147288814,11,"grey","Yes","Feeding","Stagwatching"
"Phascolarctos cinereus",149.7979596,-36.6510995,"New South Wales","southern","female",6.60445016412996,69.8142807227559,2.4099497331772,1.63971093227156,10,"chocolate brown","No","Sleeping","Stagwatching"
"Phascolarctos cinereus",152.182251,-32.676781,"New South Wales","northern","female",6.94339590496384,69.6500027105911,2.1262791226618,1.1702545795124,2,"light grey","No","Sleeping","Stagwatching"
"Phascolarctos cinereus",150.1663222,-34.45404375,"New South Wales","southern","female",6.02430847124197,72.3472466093954,2.1048083177302,1.8179308779072,4,"chocolate brown","Yes","Sleeping","Opportunistic"
"Phascolarctos cinereus",151.7797262,-32.76695421,"New South Wales","northern","male",8.53984937584028,72.3131041986868,2.70596309425309,1.2351034139283,6,"light grey","No","Just Chillin","Spotlighting"
"Phascolarctos cinereus",152.877435,-31.424321,"New South Wales","northern","male",8.15376312006265,67.4361798753031,3.33732943842188,1.74697131826542,5,"light grey","No","Feeding","Stagwatching"
"Phascolarctos cinereus",153.4239582,-28.2079715,"New South Wales","northern","female",6.16400582529604,68.8834666328737,2.0821380559355,1.05961889447644,10,"grey-brown","No","Feeding","Spotlighting"
"Phascolarctos cinereus",153.5164913,-28.58857304,"New South Wales","northern","female",6.35295753204264,70.5604642817751,2.4100765476469,1.46417625271715,2,"grey-brown","No","Just Chillin","Stagwatching"
"Phascolarctos cinereus",152.9052482,-31.479514,"New South Wales","northern","male",8.15594482468441,71.743862369284,3.03365049441345,1.0809401422739,4,"grey","No","Feeding","Stagwatching"
"Phascolarctos cinereus",150.7889978,-34.21713975,"New South Wales","southern","female",6.05345662729815,72.9569217534736,2.1410581083037,1.11807574424893,11,"light brown","No","Feeding","Spotlighting"
"Phascolarctos cinereus",151.7594825,-32.76404937,"New South Wales","northern","female",6.4711978926789,65.9791945318691,2.34190629608929,1.30765662412159,6,"light grey","Yes","Just Chillin","Stagwatching"
"Phascolarctos cinereus",153.272081,-28.93147,"New South Wales","northern","male",9.04334789002314,72.8448072525673,2.74598255450837,1.90084802452475,5,"grey","No","Sleeping","Stagwatching"
"Phascolarctos cinereus",153.03499,-30.415,"New South Wales","northern","male",9.08905097981915,68.2562711022794,3.04889957420528,1.93804043182172,2,"grey","No","Sleeping","Spotlighting"
"Phascolarctos cinereus",152.8109247,-29.80946158,"New South Wales","northern","female",6.81255117338151,67.6646667336579,2.40856352215633,1.51389747089706,3,"grey","Yes","Just Chillin","Spotlighting"
"Phascolarctos cinereus",151.5189056,-30.52075708,"New South Wales","northern","male",9.58440749021247,72.9140253446996,2.93603666150011,1.54526145127602,12,"grey","No","Feeding","Stagwatching"
"Phascolarctos cinereus",150.1672361,-34.45437143,"New South Wales","southern","male",9.57346631819382,76.9731659204699,3.2972980174236,1.71311585512012,8,"dark grey","No","Sleeping","Opportunistic"
"Phascolarctos cinereus",150.5388681,-34.38058297,"New South Wales","southern","female",6.77103012055159,70.8415642352775,2.87262104894035,1.41952345031314,7,"dark grey","No","Sleeping","Spotlighting"
"Phascolarctos cinereus",151.2690851,-33.0728519,"New South Wales","northern","male",9.87965201726183,70.2847549877595,3.00334202218801,1.27188038476743,12,"grey-brown","No","Sleeping","Stagwatching"
"Phascolarctos cinereus",152.071509,-32.724476,"New South Wales","northern","female",6.77994162752293,70.6831486059353,2.12558034504764,1.0202629994601,7,"grey-brown","No","Sleeping","Spotlighting"
"Phascolarctos cinereus",150.1598956,-34.50237292,"New South Wales","southern","male",8.64349341625348,75.7864725196268,3.03637155378237,1.94923132658005,10,"dark grey","No","Sleeping","Opportunistic"
"Phascolarctos cinereus",150.7243178,-34.25565333,"New South Wales","southern","male",9.28918756777421,80.3555425042287,2.92888346849941,1.54672191059217,9,"chocolate brown","No","Sleeping","Spotlighting"
"Phascolarctos cinereus",151.8579613,-32.74333822,"New South Wales","northern","male",8.25694136694074,70.2556648657192,3.48853691411205,1.41449227696285,11,"grey","No","Sleeping","Opportunistic"
"Phascolarctos cinereus",150.1112595,-31.18599771,"New South Wales","northern","female",6.31436290196143,65.3001058214111,2.37988760718144,1.58778816205449,8,"grey-brown","Yes","Sleeping","Spotlighting"
"Phascolarctos cinereus",152.9587599,-30.55971783,"New South Wales","northern","male",9.3702213447541,68.9816038290504,3.30979071324691,1.30328533705324,5,"grey-brown","No","Feeding","Spotlighting"
"Phascolarctos cinereus",152.0434,-32.7666,"New South Wales","northern","female",6.35749441664666,69.6157196980901,2.67103432188742,1.10810762015171,7,"grey-brown","No","Just Chillin","Stagwatching"
"Phascolarctos cinereus",150.5364548,-34.40949153,"New South Wales","southern","female",6.85177247063257,70.9103866312653,2.39477328583598,1.11415350669995,11,"dark grey","Yes","Just Chillin","Stagwatching"
"Phascolarctos cinereus",152.164491,-32.669369,"New South Wales","northern","male",8.16160079790279,69.8216544587631,2.50668580201454,1.65936339180917,10,"grey","No","Sleeping","Opportunistic"
"Phascolarctos cinereus",152.8337491,-31.5840472,"New South Wales","northern","male",9.36604286031798,69.5887762726285,2.98068028502166,1.73287110566162,5,"grey","No","Feeding","Spotlighting"
"Phascolarctos cinereus",152.9854679,-30.3982138,"New South Wales","northern","male",9.67159774433821,71.7819874281995,2.85919904545881,1.00399191025645,8,"grey","No","Feeding","Opportunistic"
"Phascolarctos cinereus",153.5650675,-28.63390892,"New South Wales","northern","male",8.61511668842286,73.1608633319382,3.21321147703566,1.41199664724991,8,"light grey","No","Just Chillin","Spotlighting"
"Phascolarctos cinereus",152.8847457,-31.46994963,"New South Wales","northern","male",8.11777439434081,72.9062761575915,3.2172491827514,1.60606075823307,3,"grey","No","Just Chillin","Spotlighting"
"Phascolarctos cinereus",152.8260752,-30.27089573,"New South Wales","northern","male",8.76588799385354,69.319256483065,2.61869347793981,1.82588174613193,8,"grey-brown","No","Sleeping","Stagwatching"
"Phascolarctos cinereus",152.170619,-32.662746,"New South Wales","northern","female",6.88182331994176,69.2973279180704,2.32927336124703,1.4232842924539,4,"grey","No","Feeding","Spotlighting"
"Phascolarctos cinereus",152.5793176,-31.31432654,"New South Wales","northern","female",6.37024052953348,69.7354817101266,2.19428926939145,1.2855886889156,6,"grey","No","Sleeping","Spotlighting"
"Phascolarctos cinereus",150.161746,-30.29161207,"New South Wales","northern","female",6.19136549066752,71.0553120951634,2.11870786664076,1.44490794697776,3,"grey-brown","No","Just Chillin","Spotlighting"
"Phascolarctos cinereus",150.7008793,-34.27943232,"New South Wales","southern","female",6.20827942970209,68.1856850192416,2.75281826895662,1.61823585489765,3,"dark grey","No","Just Chillin","Spotlighting"
"Phascolarctos cinereus",151.5238827,-32.15752449,"New South Wales","northern","female",6.11976281506941,65.090383741376,2.25949018006213,1.97146934689954,12,"grey","Yes","Sleeping","Spotlighting"
"Phascolarctos cinereus",152.8499889,-31.45850178,"New South Wales","northern","female",6.68910159054212,65.5453532569343,2.78799209580757,1.77831116737798,7,"grey-brown","Yes","Feeding","Opportunistic"
"Phascolarctos cinereus",150.8496199,-34.07723969,"New South Wales","southern","male",9.22696914244443,79.3569544216152,3.22882873262279,1.22229200438596,10,"light brown","No","Sleeping","Spotlighting"
"Phascolarctos cinereus",151.8668226,-32.80204855,"New South Wales","northern","male",8.03915246296674,73.3715910922736,2.80531277647242,1.820490044076,3,"grey-brown","No","Sleeping","Spotlighting"
"Phascolarctos cinereus",149.6594181,-36.84983684,"New South Wales","southern","male",8.61115418421105,78.5743715651333,3.2674514146056,1.44943934306502,4,"light brown","No","Sleeping","Opportunistic"
"Phascolarctos cinereus",150.2093403,-34.5362982,"New South Wales","southern","male",9.57043712120503,78.9332431298681,2.51551639894024,1.8721732350532,11,"dark grey","No","Feeding","Stagwatching"
"Phascolarctos cinereus",150.8302934,-34.14454908,"New South Wales","southern","female",6.66712658945471,70.1637289167847,2.24243251024745,1.52136109210551,2,"chocolate brown","No","Just Chillin","Spotlighting"
"Phascolarctos cinereus",153.2546683,-28.90653281,"New South Wales","northern","male",8.96063528489321,72.7719667189754,3.37543094204739,1.76810306450352,8,"grey-brown","No","Sleeping","Spotlighting"
"Phascolarctos cinereus",153.3778039,-28.35753458,"New South Wales","northern","female",6.45175509597175,67.453406301979,2.94452612753958,1.36581426393241,3,"grey","Yes","Sleeping","Opportunistic"
"Phascolarctos cinereus",153.391151,-28.662096,"New South Wales","northern","male",8.6626793416217,67.7938895723317,2.75263826735318,1.55986933456734,2,"grey","No","Sleeping","Stagwatching"
"Phascolarctos cinereus",152.9210804,-31.48172624,"New South Wales","northern","male",9.99796466063708,68.2958300870378,2.88377427286468,1.96994102839381,6,"grey-brown","No","Sleeping","Spotlighting"
"Phascolarctos cinereus",150.821666,-34.131768,"New South Wales","southern","female",6.94273834046908,71.4023976116441,2.85601740633138,1.0550384556409,8,"chocolate brown","Yes","Just Chillin","Spotlighting"
"Phascolarctos cinereus",152.8891028,-31.44890551,"New South Wales","northern","male",9.38317686319351,73.27414806257,3.41860085679218,1.58606909052469,1,"grey","No","Just Chillin","Spotlighting"
"Phascolarctos cinereus",153.557663,-28.411999,"New South Wales","northern","female",6.70312664704397,65.1610762394965,2.44851747946814,1.91278204205446,12,"grey","Yes","Sleeping","Opportunistic"
"Phascolarctos cinereus",153.231599,-28.443792,"New South Wales","northern","male",8.41091835917905,72.868051069323,3.2134089616593,1.17188739660196,12,"grey","No","Just Chillin","Stagwatching"
"Phascolarctos cinereus",152.0266603,-32.73754639,"New South Wales","northern","female",6.72428796696477,64.9098296610871,2.44495781138539,1.49719816516154,6,"grey-brown","No","Feeding","Stagwatching"
"Phascolarctos cinereus",152.029907,-32.738206,"New South Wales","northern","female",6.87344085611403,66.8708381629083,2.04362348839641,1.8257934495341,3,"light grey","Yes","Sleeping","Spotlighting"
"Phascolarctos cinereus",153.0853733,-30.36209077,"New South Wales","northern","male",9.76057117851451,68.6267570539843,3.12575524044223,1.08523124549538,11,"grey","No","Just Chillin","Stagwatching"
"Phascolarctos cinereus",150.1593173,-34.49182188,"New South Wales","southern","male",8.95713340118527,76.2080664867535,2.91049930849113,1.14967486634851,5,"light brown","No","Sleeping","Opportunistic"
"Phascolarctos cinereus",152.9213499,-31.46167828,"New South Wales","northern","male",9.23168054083362,70.8940070022363,2.95078547648154,1.06492792232893,3,"grey","No","Feeding","Spotlighting"
"Phascolarctos cinereus",151.8427758,-32.7621408,"New South Wales","northern","female",6.89670887799002,66.9757097152295,2.85063273343258,1.47343287128024,2,"grey","No","Just Chillin","Stagwatching"
"Phascolarctos cinereus",153.0690848,-30.41194122,"New South Wales","northern","female",6.93695357860997,67.6097088611685,2.04967081802897,1.48407528549433,7,"light grey","No","Sleeping","Opportunistic"
"Phascolarctos cinereus",153.0069642,-30.54269617,"New South Wales","northern","male",9.97639681631699,69.2776052660309,2.62495082919486,1.64483267697506,7,"grey-brown","No","Sleeping","Spotlighting"
"Phascolarctos cinereus",151.7276672,-32.82416228,"New South Wales","northern","female",6.66017022286542,71.6895642872667,2.2566115653608,1.61019075871445,5,"grey","Yes","Feeding","Spotlighting"
"Phascolarctos cinereus",152.8480168,-31.54546739,"New South Wales","northern","female",6.61594719463028,71.5771376384189,2.02769094798714,1.82820916059427,12,"grey-brown","No","Feeding","Opportunistic"
"Phascolarctos cinereus",153.5576741,-28.41175093,"New South Wales","northern","female",6.7731098132208,69.736348987394,2.78468483849429,1.53201581491157,2,"grey-brown","No","Just Chillin","Spotlighting"
"Phascolarctos cinereus",148.9482744,-32.55983609,"New South Wales","northern","female",6.55662440229207,72.193840465229,2.67241771914996,1.95295088435523,5,"grey","Yes","Just Chillin","Spotlighting"
"Phascolarctos cinereus",152.1074232,-32.45849813,"New South Wales","northern","female",6.25200176122598,64.9481201907154,2.17187800561078,1.06919104908593,8,"grey-brown","Yes","Just Chillin","Spotlighting"
"Phascolarctos cinereus",146.5903299,-34.77091173,"New South Wales","southern","female",6.7053651723545,71.0143988667987,2.50141714769416,1.14007373712957,12,"light brown","No","Just Chillin","Opportunistic"
"Phascolarctos cinereus",153.2256711,-28.40703183,"New South Wales","northern","female",6.4949688098859,70.2100820724852,2.257747720927,1.00472482363693,3,"light grey","Yes","Feeding","Opportunistic"
"Phascolarctos cinereus",148.7271015,-36.45616554,"New South Wales","southern","female",6.95438451995142,70.8851925896015,2.6750484011136,1.75675493339077,10,"light brown","No","Sleeping","Opportunistic"
"Phascolarctos cinereus",152.1797553,-32.6774273,"New South Wales","northern","female",6.6060105515644,64.8581268290989,2.6443012219388,1.27454930334352,7,"grey-brown","No","Feeding","Spotlighting"
"Phascolarctos cinereus",150.3723918,-34.55140872,"New South Wales","southern","female",6.45702352048829,71.0839600518811,2.28137821750715,1.32647266541608,3,"dark grey","No","Just Chillin","Stagwatching"
"Phascolarctos cinereus",151.9360957,-32.63488221,"New South Wales","northern","female",6.45881016831845,69.1968775717076,2.15842041326687,1.57112361933105,6,"grey","No","Sleeping","Stagwatching"
"Phascolarctos cinereus",151.7445263,-32.76480223,"New South Wales","northern","male",9.96659954357892,73.5459584382828,3.28987997584045,1.49771050922573,11,"grey","No","Just Chillin","Stagwatching"
"Phascolarctos cinereus",152.923715,-31.45272931,"New South Wales","northern","male",9.98320367559791,72.2294156034477,2.98168953624554,1.19076779205352,1,"grey","No","Sleeping","Opportunistic"
"Phascolarctos cinereus",152.088515,-32.729697,"New South Wales","northern","female",6.67715841182508,70.5903856277699,2.66265803365968,1.83430358441547,4,"light grey","Yes","Feeding","Spotlighting"
"Phascolarctos cinereus",150.7842395,-34.21358264,"New South Wales","southern","male",9.01791120925918,78.4119614851661,3.18193402397446,1.04251827578992,11,"chocolate brown","No","Sleeping","Stagwatching"
"Phascolarctos cinereus",151.8597391,-32.77131637,"New South Wales","northern","female",6.58028773078695,67.2721313570626,2.28602346172556,1.94905725074932,12,"grey","No","Sleeping","Opportunistic"
"Phascolarctos cinereus",151.9911542,-28.54157576,"New South Wales","northern","female",6.47826020722277,67.6033225127729,2.83223273931071,1.58247059304267,4,"light grey","Yes","Feeding","Spotlighting"
"Phascolarctos cinereus",152.039039,-32.734662,"New South Wales","northern","male",8.5559783577919,68.6648629223462,3.42141137854196,1.136716470588,12,"grey","No","Sleeping","Stagwatching"
"Phascolarctos cinereus",153.0599275,-30.27249541,"New South Wales","northern","female",6.57151191215962,65.260285707959,2.85155639494769,1.96082460554317,2,"light grey","No","Sleeping","Stagwatching"
"Phascolarctos cinereus",153.3835303,-28.6702847,"New South Wales","northern","female",6.1531960896682,68.6121280755149,2.64989758934826,1.22288171085529,7,"grey","Yes","Feeding","Stagwatching"
"Phascolarctos cinereus",152.0373515,-32.73582497,"New South Wales","northern","male",8.19227351620793,70.4606349186506,2.87333325925283,1.27140225889161,7,"grey","No","Feeding","Opportunistic"
"Phascolarctos cinereus",153.3752628,-28.63730992,"New South Wales","northern","male",9.87555554043502,73.3344973661005,2.60152941709384,1.27723643137142,6,"light grey","No","Sleeping","Stagwatching"
"Phascolarctos cinereus",152.8525751,-30.50759116,"New South Wales","northern","male",8.76599774090573,67.4594691523351,3.3463027169928,1.30867229308933,7,"grey-brown","No","Sleeping","Opportunistic"
"Phascolarctos cinereus",152.1818557,-32.6765002,"New South Wales","northern","male",9.39246590947732,72.6838119070977,2.77382518793456,1.522961915005,2,"light grey","No","Sleeping","Stagwatching"
"Phascolarctos cinereus",153.4722523,-28.31195601,"New South Wales","northern","male",9.87983267009258,71.1379830029327,2.84097181353718,1.73313588858582,2,"light grey","No","Just Chillin","Stagwatching"
"Phascolarctos cinereus",153.4725064,-28.33171759,"New South Wales","northern","male",9.41914637433365,73.1734154119622,2.74583980138414,1.62965358630754,12,"light grey","No","Sleeping","Stagwatching"
"Phascolarctos cinereus",150.2328642,-31.01699027,"New South Wales","northern","female",6.53489612648264,65.1562633000547,2.79760249354877,1.90210347156972,11,"grey","No","Sleeping","Spotlighting"
"Phascolarctos cinereus",151.7466864,-32.76301992,"New South Wales","northern","male",8.5799373453483,69.4392299545463,3.14413274126127,1.8072484175209,2,"light grey","No","Feeding","Spotlighting"
"Phascolarctos cinereus",150.57611,-34.53606566,"New South Wales","southern","female",6.29546868265606,71.7711221980862,2.41488698427565,1.5942860217765,3,"dark grey","No","Sleeping","Spotlighting"
"Phascolarctos cinereus",152.926243,-31.463784,"New South Wales","northern","female",6.6644299835898,69.6437509685755,2.79698879015632,1.36957685602829,6,"grey","No","Sleeping","Opportunistic"
"Phascolarctos cinereus",153.343127,-28.807099,"New South Wales","northern","female",6.48484706715681,69.2344229693525,2.53301364043728,1.36286775721237,9,"grey","Yes","Sleeping","Stagwatching"
"Phascolarctos cinereus",153.3566929,-29.40863261,"New South Wales","northern","female",6.16574234282598,65.2420012113405,2.66212488850579,1.85102790035307,1,"grey-brown","Yes","Feeding","Opportunistic"
"Phascolarctos cinereus",149.8204375,-37.12637764,"New South Wales","southern","male",9.35117914015427,78.9258443033323,3.02549336035736,1.41735007008538,10,"dark grey","No","Sleeping","Opportunistic"
"Phascolarctos cinereus",150.2023979,-34.50776229,"New South Wales","southern","male",8.68134380271658,80.6153375082649,2.72400524560362,1.33974399953149,11,"chocolate brown","No","Sleeping","Opportunistic"
"Phascolarctos cinereus",152.7925082,-30.86738767,"New South Wales","northern","male",9.94064658693969,69.7257976912893,2.82807778264396,1.65497507643886,9,"light grey","No","Just Chillin","Stagwatching"
"Phascolarctos cinereus",153.341491,-28.805686,"New South Wales","northern","female",6.19139282405376,69.032020592317,2.26673927227966,1.85467338841408,9,"grey","No","Sleeping","Stagwatching"
"Phascolarctos cinereus",151.7068493,-32.82374493,"New South Wales","northern","female",6.05643500480801,66.834836441162,2.68880332936533,1.6860292009078,3,"grey-brown","Yes","Just Chillin","Spotlighting"
"Phascolarctos cinereus",150.2003428,-30.95791019,"New South Wales","northern","male",8.40493883937597,71.8883417417295,3.22818458126858,1.58149143727496,9,"grey-brown","No","Sleeping","Spotlighting"
"Phascolarctos cinereus",150.64298,-34.27343,"New South Wales","southern","female",6.45265731075779,70.009961331496,2.95083994907327,1.57852730108425,6,"chocolate brown","Yes","Sleeping","Opportunistic"
"Phascolarctos cinereus",152.114428,-32.779063,"New South Wales","northern","female",6.5171254016459,70.6744174271123,2.34508079080842,1.78465060261078,2,"grey","No","Sleeping","Stagwatching"
"Phascolarctos cinereus",149.479312,-33.61610734,"New South Wales","northern","male",9.79648888437077,69.3048311414197,3.41736782970838,1.75474034668878,11,"grey-brown","No","Just Chillin","Spotlighting"
"Phascolarctos cinereus",153.0125376,-30.42438348,"New South Wales","northern","female",6.812942950055,65.4147977127694,2.91089383815415,1.63458499335684,2,"light grey","Yes","Sleeping","Spotlighting"
"Phascolarctos cinereus",150.36457,-30.63391,"New South Wales","northern","female",6.80086214398034,70.9964120564517,2.8458859322127,1.59424955979921,7,"grey","No","Just Chillin","Spotlighting"
"Phascolarctos cinereus",152.407566,-31.93243678,"New South Wales","northern","male",8.48762331390753,69.85839945646,2.93395704124123,1.13844151073135,8,"grey","No","Sleeping","Opportunistic"
"Phascolarctos cinereus",153.472932,-28.863295,"New South Wales","northern","female",6.2373715697322,66.2306198124541,2.55783551582135,1.1919309371151,10,"light grey","No","Just Chillin","Spotlighting"
"Phascolarctos cinereus",153.5637325,-28.34800762,"New South Wales","northern","male",9.68559682229534,70.7803037186153,2.97617501206696,1.95592181943357,11,"grey","No","Just Chillin","Opportunistic"
"Phascolarctos cinereus",152.8472351,-31.46259477,"New South Wales","northern","male",9.74477781867608,68.7675283896737,2.74037771881558,1.63350346684456,8,"light grey","No","Sleeping","Stagwatching"
"Phascolarctos cinereus",152.1793643,-32.6752257,"New South Wales","northern","female",6.43769076350145,72.0629668487934,2.86380599718541,1.28578665736131,3,"grey","No","Just Chillin","Stagwatching"
"Phascolarctos cinereus",152.10953,-32.78629,"New South Wales","northern","male",8.94162873923779,68.2785673093051,3.2157201776281,1.61031704070047,8,"grey-brown","No","Feeding","Stagwatching"
"Phascolarctos cinereus",152.182371,-32.675871,"New South Wales","northern","male",8.63080368982628,73.3415433841292,3.13989339373074,1.60138250770979,1,"light grey","No","Sleeping","Opportunistic"
"Phascolarctos cinereus",152.4769502,-32.00889814,"New South Wales","northern","female",6.27164222439751,72.1690533667104,2.13564008404501,1.29161452478729,6,"grey-brown","No","Sleeping","Spotlighting"
"Phascolarctos cinereus",152.181168,-32.675461,"New South Wales","northern","female",6.47967033833265,66.609818437323,2.48034421284683,1.38204300496727,7,"grey-brown","No","Sleeping","Stagwatching"
"Phascolarctos cinereus",151.5215222,-32.961816,"New South Wales","northern","female",6.7225829383824,66.4795087658102,2.47282054834068,1.05524982977659,6,"grey-brown","No","Feeding","Spotlighting"
"Phascolarctos cinereus",152.332019,-31.912095,"New South Wales","northern","male",9.12160170357674,71.1928513189312,2.9386921976693,1.83417159807868,9,"light grey","No","Just Chillin","Spotlighting"
"Phascolarctos cinereus",149.7787,-32.2938,"New South Wales","northern","female",6.54500605841167,68.0943176577101,2.3945798589848,1.59938602917828,5,"grey","No","Sleeping","Spotlighting"
"Phascolarctos cinereus",151.7551752,-32.76671254,"New South Wales","northern","female",6.78543975343928,71.8724609942408,2.53832382173277,1.74641810078174,2,"grey-brown","Yes","Just Chillin","Opportunistic"
"Phascolarctos cinereus",153.3226002,-28.85829153,"New South Wales","northern","female",6.13017409248278,68.4830407037633,2.35303989751264,1.02908756141551,5,"grey-brown","Yes","Sleeping","Stagwatching"
"Phascolarctos cinereus",151.8909993,-32.74724305,"New South Wales","northern","female",6.5988394934684,70.2333390318789,2.42791165388189,1.03914760029875,2,"grey-brown","No","Just Chillin","Spotlighting"
"Phascolarctos cinereus",152.5501838,-30.5431733,"New South Wales","northern","female",6.98258439474739,69.9862374600023,2.27044295077212,1.90136987296864,8,"grey-brown","Yes","Sleeping","Spotlighting"
"Phascolarctos cinereus",152.8382612,-31.58303727,"New South Wales","northern","female",6.07155435881577,64.8167190976208,2.4118999671191,1.98133528488688,5,"grey","Yes","Sleeping","Stagwatching"
"Phascolarctos cinereus",152.5569244,-30.28602603,"New South Wales","northern","male",8.63401500415057,68.8348537264857,2.74080461682752,1.75055943615735,4,"grey","No","Sleeping","Opportunistic"
"Phascolarctos cinereus",153.519153,-28.590147,"New South Wales","northern","male",8.7635694546625,72.1131643631496,2.53675260441378,1.33262044773437,2,"grey-brown","No","Just Chillin","Stagwatching"
"Phascolarctos cinereus",152.0287751,-32.73936686,"New South Wales","northern","female",6.86957906419411,66.9623767004348,2.2245038265828,1.10353888501413,10,"grey-brown","Yes","Feeding","Opportunistic"
"Phascolarctos cinereus",152.856871,-30.56309213,"New South Wales","northern","male",9.78598561324179,72.700234268792,2.54093080246821,1.65529881650582,7,"grey","No","Just Chillin","Stagwatching"
"Phascolarctos cinereus",149.89855,-30.95393406,"New South Wales","northern","female",6.3695154027082,71.935626366944,2.89297216292471,1.54248791350983,2,"light grey","No","Sleeping","Spotlighting"
"Phascolarctos cinereus",152.9203056,-31.43946402,"New South Wales","northern","female",6.6929121192079,68.3674213827588,2.13136021187529,1.42755904491059,7,"grey","No","Feeding","Opportunistic"
"Phascolarctos cinereus",152.9259554,-31.45446296,"New South Wales","northern","female",6.42443743534386,65.1538351465249,2.9454527371563,1.55033010593615,11,"grey-brown","Yes","Sleeping","Spotlighting"
"Phascolarctos cinereus",152.5418097,-31.74994778,"New South Wales","northern","male",8.70995764620602,67.8280602887739,2.76670174580067,1.86582800303586,2,"grey","No","Feeding","Stagwatching"
"Phascolarctos cinereus",149.4216179,-36.18196379,"New South Wales","southern","male",9.24843525979668,76.7788332749624,3.08128611790016,1.29256288916804,9,"chocolate brown","No","Sleeping","Stagwatching"
"Phascolarctos cinereus",152.1797553,-32.6774273,"New South Wales","northern","male",8.90309933014214,72.6246756763663,3.3590143378824,1.86034834268503,3,"grey-brown","No","Sleeping","Stagwatching"
"Phascolarctos cinereus",152.0145843,-32.7234208,"New South Wales","northern","female",6.91977977473289,66.7064476975473,2.94634574721567,1.03680152655579,11,"light grey","No","Sleeping","Opportunistic"
"Phascolarctos cinereus",149.4,-33.45,"New South Wales","northern","male",9.3302216026932,72.805899115419,2.92755647399463,1.53669785405509,9,"grey","No","Feeding","Opportunistic"
"Phascolarctos cinereus",152.8847861,-31.42445947,"New South Wales","northern","male",9.92266474524513,69.3985277388245,2.923787367763,1.97108239145018,1,"grey","No","Sleeping","Stagwatching"
"Phascolarctos cinereus",149.9713618,-29.30985477,"New South Wales","northern","male",8.58799068909138,71.2119351855013,3.15429256670177,1.53983294311911,2,"grey","No","Just Chillin","Spotlighting"
"Phascolarctos cinereus",150.2518998,-30.99676492,"New South Wales","northern","female",6.50348732830025,67.0656563215423,2.74857292184606,1.26331427623518,12,"light grey","No","Just Chillin","Stagwatching"
"Phascolarctos cinereus",148.9235598,-31.63333193,"New South Wales","northern","male",9.61078879516572,70.2574931492098,2.69296995457262,1.63323047570884,8,"grey-brown","No","Sleeping","Spotlighting"
"Phascolarctos cinereus",151.90466,-32.78722,"New South Wales","northern","male",9.82811742881313,70.5350236134138,2.50395991280675,1.45235721115023,12,"light grey","No","Feeding","Spotlighting"
"Phascolarctos cinereus",153.302291,-28.820797,"New South Wales","northern","female",6.04876714898273,70.0383134700358,2.707711011637,1.15577181777917,11,"light grey","No","Sleeping","Spotlighting"
"Phascolarctos cinereus",150.5664928,-34.41569165,"New South Wales","southern","female",6.23365538474172,71.5311401379295,2.43321350449696,1.25750601943582,9,"light brown","No","Sleeping","Stagwatching"
